City,Phoenix,Los Angeles,Denver,Boise,Wichita,Bozeman,Omaha,Las Vegas,Albuquerque,Fargo,Oklahoma City,Portland,Sioux Falls,Dallas,Salt Lake City,Seattle,Jackson
Phoenix,,333.33,416.67,520.83,541.67,562.5,604.17,270.83,291.67,708.33,541.67,645.83,645.83,562.5,375,750,479.17
Los Angeles,,,875,500,750,625,812.5,291.67,437.5,875,729.17,562.5,812.5,729.17,437.5,666.67,583.33
Denver,,,,458.33,333.33,416.67,354.17,458.33,312.5,458.33,375,645.83,395.83,458.33,354.17,729.17,354.17
Boise,,,,,583.33,270.83,562.5,437.5,437.5,562.5,687.5,312.5,500,770.83,291.67,375,250
Wichita,,,,,,583.33,312.5,645.83,354.17,437.5,208.33,875,375,333.33,562.5,916.67,562.5
Bozeman,,,,,,,562.5,520.83,500,375,625,437.5,458.33,729.17,312.5,479.17,166.67
Omaha,,,,,,,,729.17,500,250,312.5,895.83,145.83,437.5,666.67,895.83,500
Las Vegas,,,,,,,,,375,729.17,583.33,562.5,687.5,645.83,333.33,645.83,437.5
Albuquerque,,,,,,,,,,562.5,312.5,708.33,500,437.5,458.33,770.83,437.5
Fargo,,,,,,,,,,,500,625,166.67,645.83,500,708.33,562.5
Oklahoma City,,,,,,,,,,,,812.5,395.83,250,666.67,979.17,500
Portland,,,,,,,,,,,,,750,895.83,437.5,220.83,458.33
Sioux Falls,,,,,,,,,,,,,,520.83,500,687.5,437.5
Dallas,,,,,,,,,,,,,,,666.67,1062.5,708.33
Salt Lake City,,,,,,,,,,,,,,,,500,270.83
Seattle,,,,,,,,,,,,,,,,,500
Jackson,,,,,,,,,,,,,,,,,
